{
  "project_info": {
    "project_number": "352604566839",
    "project_id": "patientprofile-940be",
    "storage_bucket": "patientprofile-940be.appspot.com"
  },
  "client": [
    {
      "client_info": {
        "mobilesdk_app_id": "1:352604566839:android:88967f46192900d19b56b2",
        "android_client_info": {
          "package_name": "com.example.patientprofile"
        }
      },
      "oauth_client": [
        {
          "client_id": "352604566839-l3vumvc7d8bocmf9und9l5vv5ubp4uh5.apps.googleusercontent.com",
          "client_type": 1,
          "android_info": {
            "package_name": "com.example.patientprofile",
            "certificate_hash": "34120f643ea1f186d49cb3f662c8a885760eb245"
          }
        },
        {
          "client_id": "352604566839-b3pv2ql7vpeqo05oq9cinva2b1ejgjit.apps.googleusercontent.com",
          "client_type": 3
        }
      ],
      "api_key": [
        {
          "current_key": "AIzaSyCCQeoG_CzjjT0OrIdqM1M5moPxk0CuXfQ"
        }
      ],
      "services": {
        "appinvite_service": {
          "other_platform_oauth_client": [
            {
              "client_id": "352604566839-b3pv2ql7vpeqo05oq9cinva2b1ejgjit.apps.googleusercontent.com",
              "client_type": 3
            }
          ]
        }
      }
    }
  ],
  "configuration_version": "1"
}